item,qty,spec,supplier,unit_cost_usd,make_buy,notes
1 Tilt stake,3,"48 mm OD galvanized steel pipe, 1.0 m long, 0.8 m in ground; lower 450 mm in a 110 mm hand-mixed cement grout column; bottom plugged",Local hardware and builders' merchant,9.00,make,Indicative price per stake (pipe about $6; grout about $3); steel or plastic pipe is an open question
2 Tilt sensor capsule,3,"Murata SCL3300 MEMS inclinometer, small low-power microcontroller, RS-485 transceiver and 3.3 V regulator on one board; potted in a 34 mm sealed tube, IP67 target",Electronics distributor,27.00,make,Indicative price per capsule (sensor about $18; board parts about $6; tube and potting about $3)
3 Stake head,3,"120 mm PVC end cap with IP68 cable gland facing downslope, sealant, painted for visibility",Local hardware shop,5.00,buy,Indicative price per stake
4 Crack displacement gauge,1,"100 mm stroke linear potentiometer displacement sensor (0.1 % linearity class), two 20 mm steel anchor pins 0.7 m long, steel guard",Electronics distributor plus local fabricator,32.00,make,Indicative price (sensor about $22; pins and guard about $10)
5 Sensor bus cable in conduit,1,"About 60 m four-core shielded outdoor cable, 0.5 mm2 (power and RS-485), in 20 mm corrugated UV-rated conduit",Electrical wholesaler,42.00,buy,Indicative price for the reference site (cable about $27; conduit about $15)
6 FieldNode core,1,"Lab shared node: IP65 enclosure, 6 W panel, LiFePO4 3.2 V 6 Ah, MPPT charger, STM32WL-class LoRaWAN radio, switched 5 V and 12 V rails",FieldNode project,126.00,make,Parts cost from the FieldNode README; costing it in FieldNode is proposed awaiting Amish
7 Siren and beacon alert unit,1,"12 V piezo siren about 110 dB(A) at 1 m, 12 V amber LED beacon, MOSFET driver, keyed silence switch, small IP65 box",Electronics distributor,25.00,buy,Indicative price
8 Mast and footing,1,"50 mm galvanized pipe about 3.2 m, two U-bolt brackets for node and panel, 0.6 m concrete footing, earth rod and bond",Local hardware and builders' merchant,24.00,make,Indicative price; an existing pole or building can replace it
9 Gateway and alert software,1,"Any LoRaWAN network server (TwinKit gateway or The Things Network); open alert service with SMS and inverse-velocity plot",Open source,0.00,make,Not in site cost; a TwinKit gateway is about $285 where a site has no coverage; no exploded-view callout
10 Hardware and consumables,1,"Cable ties, conduit clips, heat-shrink, dielectric grease, surge protector at the node, marking tape",Local hardware shop,8.00,buy,Indicative price; no exploded-view callout
